{"cameraMode":{"drawMode":0,"name":"Shaded","section":"Shading Mode"},"sceneLighting":true,"audioPlay":false,"sceneViewState":{"m_AlwaysRefresh":false,"showFog":true,"showSkybox":true,"showFlares":true,"showImageEffects":true,"showParticleSystems":true,"showVisualEffectGraphs":true,"m_FxEnabled":true},"in2DMode":false,"pivot":{"x":3.7146260738372804,"y":6.169919490814209,"z":-2.930614471435547},"rotation":{"x":0.01740582101047039,"y":0.06144736707210541,"z":-0.0004243107105139643,"w":0.9979590177536011},"size":8.848264694213868,"orthographic":false}