{"cameraMode":{"drawMode":0,"name":"Shaded","section":"Shading Mode"},"sceneLighting":true,"audioPlay":false,"sceneViewState":{"m_AlwaysRefresh":false,"showFog":true,"showSkybox":true,"showFlares":true,"showImageEffects":true,"showParticleSystems":true,"showVisualEffectGraphs":true,"m_FxEnabled":true},"in2DMode":false,"pivot":{"x":2.376971483230591,"y":2.8581275939941408,"z":-3.2476768493652345},"rotation":{"x":0.11164982616901398,"y":0.023903997614979745,"z":-0.0020361056085675956,"w":0.99345862865448},"size":8.848264694213868,"orthographic":false}